period,year,month,cpi
1/1/1947,1947,1,21.48
2/1/1947,1947,2,21.620001
3/1/1947,1947,3,22
4/1/1947,1947,4,22
5/1/1947,1947,5,21.950001
6/1/1947,1947,6,22.08
7/1/1947,1947,7,22.23
8/1/1947,1947,8,22.4
9/1/1947,1947,9,22.84
10/1/1947,1947,10,22.91
11/1/1947,1947,11,23.059999
12/1/1947,1947,12,23.41
1/1/1948,1948,1,23.68
2/1/1948,1948,2,23.67
3/1/1948,1948,3,23.5
4/1/1948,1948,4,23.82
5/1/1948,1948,5,24.01
6/1/1948,1948,6,24.15
7/1/1948,1948,7,24.4
8/1/1948,1948,8,24.43
9/1/1948,1948,9,24.360001
10/1/1948,1948,10,24.309999
11/1/1948,1948,11,24.16
12/1/1948,1948,12,24.049999
1/1/1949,1949,1,24.01
2/1/1949,1949,2,23.91
3/1/1949,1949,3,23.91
4/1/1949,1949,4,23.92
5/1/1949,1949,5,23.91
6/1/1949,1949,6,23.92
7/1/1949,1949,7,23.700001
8/1/1949,1949,8,23.700001
9/1/1949,1949,9,23.75
10/1/1949,1949,10,23.67
11/1/1949,1949,11,23.700001
12/1/1949,1949,12,23.610001
1/1/1950,1950,1,23.51
2/1/1950,1950,2,23.610001
3/1/1950,1950,3,23.639999
4/1/1950,1950,4,23.65
5/1/1950,1950,5,23.77
6/1/1950,1950,6,23.879999
7/1/1950,1950,7,24.07
8/1/1950,1950,8,24.200001
9/1/1950,1950,9,24.34
10/1/1950,1950,10,24.5
11/1/1950,1950,11,24.6
12/1/1950,1950,12,24.98
1/1/1951,1951,1,25.379999
2/1/1951,1951,2,25.83
3/1/1951,1951,3,25.879999
4/1/1951,1951,4,25.92
5/1/1951,1951,5,25.99
6/1/1951,1951,6,25.93
7/1/1951,1951,7,25.91
8/1/1951,1951,8,25.860001
9/1/1951,1951,9,26.030001
10/1/1951,1951,10,26.16
11/1/1951,1951,11,26.32
12/1/1951,1951,12,26.469999
1/1/1952,1952,1,26.450001
2/1/1952,1952,2,26.41
3/1/1952,1952,3,26.389999
4/1/1952,1952,4,26.459999
5/1/1952,1952,5,26.469999
6/1/1952,1952,6,26.530001
7/1/1952,1952,7,26.68
8/1/1952,1952,8,26.690001
9/1/1952,1952,9,26.629999
10/1/1952,1952,10,26.690001
11/1/1952,1952,11,26.690001
12/1/1952,1952,12,26.709999
1/1/1953,1953,1,26.639999
2/1/1953,1953,2,26.59
3/1/1953,1953,3,26.629999
4/1/1953,1953,4,26.690001
5/1/1953,1953,5,26.700001
6/1/1953,1953,6,26.77
7/1/1953,1953,7,26.790001
8/1/1953,1953,8,26.85
9/1/1953,1953,9,26.889999
10/1/1953,1953,10,26.950001
11/1/1953,1953,11,26.85
12/1/1953,1953,12,26.870001
1/1/1954,1954,1,26.940001
2/1/1954,1954,2,26.99
3/1/1954,1954,3,26.93
4/1/1954,1954,4,26.860001
5/1/1954,1954,5,26.93
6/1/1954,1954,6,26.940001
7/1/1954,1954,7,26.860001
8/1/1954,1954,8,26.85
9/1/1954,1954,9,26.809999
10/1/1954,1954,10,26.719999
11/1/1954,1954,11,26.780001
12/1/1954,1954,12,26.77
1/1/1955,1955,1,26.77
2/1/1955,1955,2,26.82
3/1/1955,1955,3,26.790001
4/1/1955,1955,4,26.790001
5/1/1955,1955,5,26.77
6/1/1955,1955,6,26.709999
7/1/1955,1955,7,26.76
8/1/1955,1955,8,26.719999
9/1/1955,1955,9,26.85
10/1/1955,1955,10,26.82
11/1/1955,1955,11,26.879999
12/1/1955,1955,12,26.870001
1/1/1956,1956,1,26.83
2/1/1956,1956,2,26.860001
3/1/1956,1956,3,26.889999
4/1/1956,1956,4,26.93
5/1/1956,1956,5,27.030001
6/1/1956,1956,6,27.15
7/1/1956,1956,7,27.290001
8/1/1956,1956,8,27.309999
9/1/1956,1956,9,27.35
10/1/1956,1956,10,27.51
11/1/1956,1956,11,27.51
12/1/1956,1956,12,27.629999
1/1/1957,1957,1,27.67
2/1/1957,1957,2,27.799999
3/1/1957,1957,3,27.860001
4/1/1957,1957,4,27.93
5/1/1957,1957,5,28
6/1/1957,1957,6,28.110001
7/1/1957,1957,7,28.190001
8/1/1957,1957,8,28.280001
9/1/1957,1957,9,28.32
10/1/1957,1957,10,28.32
11/1/1957,1957,11,28.41
12/1/1957,1957,12,28.469999
1/1/1958,1958,1,28.639999
2/1/1958,1958,2,28.700001
3/1/1958,1958,3,28.870001
4/1/1958,1958,4,28.940001
5/1/1958,1958,5,28.940001
6/1/1958,1958,6,28.91
7/1/1958,1958,7,28.889999
8/1/1958,1958,8,28.940001
9/1/1958,1958,9,28.91
10/1/1958,1958,10,28.91
11/1/1958,1958,11,28.950001
12/1/1958,1958,12,28.969999
1/1/1959,1959,1,29.01
2/1/1959,1959,2,29
3/1/1959,1959,3,28.969999
4/1/1959,1959,4,28.98
5/1/1959,1959,5,29.040001
6/1/1959,1959,6,29.110001
7/1/1959,1959,7,29.15
8/1/1959,1959,8,29.18
9/1/1959,1959,9,29.25
10/1/1959,1959,10,29.35
11/1/1959,1959,11,29.35
12/1/1959,1959,12,29.41
1/1/1960,1960,1,29.370001
2/1/1960,1960,2,29.41
3/1/1960,1960,3,29.41
4/1/1960,1960,4,29.540001
5/1/1960,1960,5,29.57
6/1/1960,1960,6,29.610001
7/1/1960,1960,7,29.549999
8/1/1960,1960,8,29.610001
9/1/1960,1960,9,29.610001
10/1/1960,1960,10,29.75
11/1/1960,1960,11,29.780001
12/1/1960,1960,12,29.809999
1/1/1961,1961,1,29.84
2/1/1961,1961,2,29.84
3/1/1961,1961,3,29.84
4/1/1961,1961,4,29.809999
5/1/1961,1961,5,29.84
6/1/1961,1961,6,29.84
7/1/1961,1961,7,29.92
8/1/1961,1961,8,29.940001
9/1/1961,1961,9,29.98
10/1/1961,1961,10,29.98
11/1/1961,1961,11,29.98
12/1/1961,1961,12,30.01
1/1/1962,1962,1,30.040001
2/1/1962,1962,2,30.110001
3/1/1962,1962,3,30.17
4/1/1962,1962,4,30.209999
5/1/1962,1962,5,30.24
6/1/1962,1962,6,30.209999
7/1/1962,1962,7,30.219999
8/1/1962,1962,8,30.280001
9/1/1962,1962,9,30.42
10/1/1962,1962,10,30.379999
11/1/1962,1962,11,30.379999
12/1/1962,1962,12,30.379999
1/1/1963,1963,1,30.440001
2/1/1963,1963,2,30.48
3/1/1963,1963,3,30.51
4/1/1963,1963,4,30.48
5/1/1963,1963,5,30.51
6/1/1963,1963,6,30.610001
7/1/1963,1963,7,30.690001
8/1/1963,1963,8,30.75
9/1/1963,1963,9,30.719999
10/1/1963,1963,10,30.75
11/1/1963,1963,11,30.780001
12/1/1963,1963,12,30.879999
1/1/1964,1964,1,30.940001
2/1/1964,1964,2,30.91
3/1/1964,1964,3,30.940001
4/1/1964,1964,4,30.950001
5/1/1964,1964,5,30.98
6/1/1964,1964,6,31.01
7/1/1964,1964,7,31.02
8/1/1964,1964,8,31.049999
9/1/1964,1964,9,31.08
10/1/1964,1964,10,31.120001
11/1/1964,1964,11,31.209999
12/1/1964,1964,12,31.25
1/1/1965,1965,1,31.280001
2/1/1965,1965,2,31.280001
3/1/1965,1965,3,31.309999
4/1/1965,1965,4,31.379999
5/1/1965,1965,5,31.48
6/1/1965,1965,6,31.610001
7/1/1965,1965,7,31.58
8/1/1965,1965,8,31.549999
9/1/1965,1965,9,31.620001
10/1/1965,1965,10,31.65
11/1/1965,1965,11,31.75
12/1/1965,1965,12,31.85
1/1/1966,1966,1,31.879999
2/1/1966,1966,2,32.080002
3/1/1966,1966,3,32.18
4/1/1966,1966,4,32.279999
5/1/1966,1966,5,32.349998
6/1/1966,1966,6,32.380001
7/1/1966,1966,7,32.450001
8/1/1966,1966,8,32.650002
9/1/1966,1966,9,32.75
10/1/1966,1966,10,32.849998
11/1/1966,1966,11,32.880001
12/1/1966,1966,12,32.919998
1/1/1967,1967,1,32.900002
2/1/1967,1967,2,33
3/1/1967,1967,3,33
4/1/1967,1967,4,33.099998
5/1/1967,1967,5,33.099998
6/1/1967,1967,6,33.299999
7/1/1967,1967,7,33.400002
8/1/1967,1967,8,33.5
9/1/1967,1967,9,33.599998
10/1/1967,1967,10,33.700001
11/1/1967,1967,11,33.900002
12/1/1967,1967,12,34
1/1/1968,1968,1,34.099998
2/1/1968,1968,2,34.200001
3/1/1968,1968,3,34.299999
4/1/1968,1968,4,34.400002
5/1/1968,1968,5,34.5
6/1/1968,1968,6,34.700001
7/1/1968,1968,7,34.900002
8/1/1968,1968,8,35
9/1/1968,1968,9,35.099998
10/1/1968,1968,10,35.299999
11/1/1968,1968,11,35.400002
12/1/1968,1968,12,35.599998
1/1/1969,1969,1,35.700001
2/1/1969,1969,2,35.799999
3/1/1969,1969,3,36.099998
4/1/1969,1969,4,36.299999
5/1/1969,1969,5,36.400002
6/1/1969,1969,6,36.599998
7/1/1969,1969,7,36.799999
8/1/1969,1969,8,36.900002
9/1/1969,1969,9,37.099998
10/1/1969,1969,10,37.299999
11/1/1969,1969,11,37.5
12/1/1969,1969,12,37.700001
1/1/1970,1970,1,37.900002
2/1/1970,1970,2,38.099998
3/1/1970,1970,3,38.299999
4/1/1970,1970,4,38.5
5/1/1970,1970,5,38.599998
6/1/1970,1970,6,38.799999
7/1/1970,1970,7,38.900002
8/1/1970,1970,8,39
9/1/1970,1970,9,39.200001
10/1/1970,1970,10,39.400002
11/1/1970,1970,11,39.599998
12/1/1970,1970,12,39.799999
1/1/1971,1971,1,39.900002
2/1/1971,1971,2,39.900002
3/1/1971,1971,3,40
4/1/1971,1971,4,40.099998
5/1/1971,1971,5,40.299999
6/1/1971,1971,6,40.5
7/1/1971,1971,7,40.599998
8/1/1971,1971,8,40.700001
9/1/1971,1971,9,40.799999
10/1/1971,1971,10,40.900002
11/1/1971,1971,11,41
12/1/1971,1971,12,41.099998
1/1/1972,1972,1,41.200001
2/1/1972,1972,2,41.400002
3/1/1972,1972,3,41.400002
4/1/1972,1972,4,41.5
5/1/1972,1972,5,41.599998
6/1/1972,1972,6,41.700001
7/1/1972,1972,7,41.799999
8/1/1972,1972,8,41.900002
9/1/1972,1972,9,42.099998
10/1/1972,1972,10,42.200001
11/1/1972,1972,11,42.400002
12/1/1972,1972,12,42.5
1/1/1973,1973,1,42.700001
2/1/1973,1973,2,43
3/1/1973,1973,3,43.400002
4/1/1973,1973,4,43.700001
5/1/1973,1973,5,43.900002
6/1/1973,1973,6,44.200001
7/1/1973,1973,7,44.200001
8/1/1973,1973,8,45
9/1/1973,1973,9,45.200001
10/1/1973,1973,10,45.599998
11/1/1973,1973,11,45.900002
12/1/1973,1973,12,46.299999
1/1/1974,1974,1,46.799999
2/1/1974,1974,2,47.299999
3/1/1974,1974,3,47.799999
4/1/1974,1974,4,48.099998
5/1/1974,1974,5,48.599998
6/1/1974,1974,6,49
7/1/1974,1974,7,49.299999
8/1/1974,1974,8,49.900002
9/1/1974,1974,9,50.599998
10/1/1974,1974,10,51
11/1/1974,1974,11,51.5
12/1/1974,1974,12,51.900002
1/1/1975,1975,1,52.299999
2/1/1975,1975,2,52.599998
3/1/1975,1975,3,52.799999
4/1/1975,1975,4,53
5/1/1975,1975,5,53.099998
6/1/1975,1975,6,53.5
7/1/1975,1975,7,54
8/1/1975,1975,8,54.200001
9/1/1975,1975,9,54.599998
10/1/1975,1975,10,54.900002
11/1/1975,1975,11,55.299999
12/1/1975,1975,12,55.599998
1/1/1976,1976,1,55.799999
2/1/1976,1976,2,55.900002
3/1/1976,1976,3,56
4/1/1976,1976,4,56.099998
5/1/1976,1976,5,56.400002
6/1/1976,1976,6,56.700001
7/1/1976,1976,7,57
8/1/1976,1976,8,57.299999
9/1/1976,1976,9,57.599998
10/1/1976,1976,10,57.900002
11/1/1976,1976,11,58.099998
12/1/1976,1976,12,58.400002
1/1/1977,1977,1,58.700001
2/1/1977,1977,2,59.299999
3/1/1977,1977,3,59.599998
4/1/1977,1977,4,60
5/1/1977,1977,5,60.200001
6/1/1977,1977,6,60.5
7/1/1977,1977,7,60.799999
8/1/1977,1977,8,61.099998
9/1/1977,1977,9,61.299999
10/1/1977,1977,10,61.599998
11/1/1977,1977,11,62
12/1/1977,1977,12,62.299999
1/1/1978,1978,1,62.700001
2/1/1978,1978,2,63
3/1/1978,1978,3,63.400002
4/1/1978,1978,4,63.900002
5/1/1978,1978,5,64.5
6/1/1978,1978,6,65
7/1/1978,1978,7,65.5
8/1/1978,1978,8,65.900002
9/1/1978,1978,9,66.5
10/1/1978,1978,10,67.099998
11/1/1978,1978,11,67.5
12/1/1978,1978,12,67.900002
1/1/1979,1979,1,68.5
2/1/1979,1979,2,69.199997
3/1/1979,1979,3,69.900002
4/1/1979,1979,4,70.599998
5/1/1979,1979,5,71.400002
6/1/1979,1979,6,72.199997
7/1/1979,1979,7,73
8/1/1979,1979,8,73.699997
9/1/1979,1979,9,74.400002
10/1/1979,1979,10,75.199997
11/1/1979,1979,11,76
12/1/1979,1979,12,76.900002
1/1/1980,1980,1,78
2/1/1980,1980,2,79
3/1/1980,1980,3,80.099998
4/1/1980,1980,4,80.900002
5/1/1980,1980,5,81.699997
6/1/1980,1980,6,82.5
7/1/1980,1980,7,82.599998
8/1/1980,1980,8,83.199997
9/1/1980,1980,9,83.900002
10/1/1980,1980,10,84.699997
11/1/1980,1980,11,85.599998
12/1/1980,1980,12,86.400002
1/1/1981,1981,1,87.199997
2/1/1981,1981,2,88
3/1/1981,1981,3,88.599998
4/1/1981,1981,4,89.099998
5/1/1981,1981,5,89.699997
6/1/1981,1981,6,90.5
7/1/1981,1981,7,91.5
8/1/1981,1981,8,92.199997
9/1/1981,1981,9,93.099998
10/1/1981,1981,10,93.400002
11/1/1981,1981,11,93.800003
12/1/1981,1981,12,94.099998
1/1/1982,1982,1,94.400002
2/1/1982,1982,2,94.699997
3/1/1982,1982,3,94.699997
4/1/1982,1982,4,95
5/1/1982,1982,5,95.900002
6/1/1982,1982,6,97
7/1/1982,1982,7,97.5
8/1/1982,1982,8,97.699997
9/1/1982,1982,9,97.699997
10/1/1982,1982,10,98.099998
11/1/1982,1982,11,98
12/1/1982,1982,12,97.699997
1/1/1983,1983,1,97.900002
2/1/1983,1983,2,98
3/1/1983,1983,3,98.099998
4/1/1983,1983,4,98.800003
5/1/1983,1983,5,99.199997
6/1/1983,1983,6,99.400002
7/1/1983,1983,7,99.800003
8/1/1983,1983,8,100.1
9/1/1983,1983,9,100.4
10/1/1983,1983,10,100.8
11/1/1983,1983,11,101.1
12/1/1983,1983,12,101.4
1/1/1984,1984,1,102.1
2/1/1984,1984,2,102.6
3/1/1984,1984,3,102.9
4/1/1984,1984,4,103.3
5/1/1984,1984,5,103.5
6/1/1984,1984,6,103.7
7/1/1984,1984,7,104.1
8/1/1984,1984,8,104.4
9/1/1984,1984,9,104.7
10/1/1984,1984,10,105.1
11/1/1984,1984,11,105.3
12/1/1984,1984,12,105.5
1/1/1985,1985,1,105.7
2/1/1985,1985,2,106.3
3/1/1985,1985,3,106.8
4/1/1985,1985,4,107
5/1/1985,1985,5,107.2
6/1/1985,1985,6,107.5
7/1/1985,1985,7,107.7
8/1/1985,1985,8,107.9
9/1/1985,1985,9,108.1
10/1/1985,1985,10,108.5
11/1/1985,1985,11,109
12/1/1985,1985,12,109.5
1/1/1986,1986,1,109.9
2/1/1986,1986,2,109.7
3/1/1986,1986,3,109.1
4/1/1986,1986,4,108.7
5/1/1986,1986,5,109
6/1/1986,1986,6,109.4
7/1/1986,1986,7,109.5
8/1/1986,1986,8,109.6
9/1/1986,1986,9,110
10/1/1986,1986,10,110.2
11/1/1986,1986,11,110.4
12/1/1986,1986,12,110.8
1/1/1987,1987,1,111.4
2/1/1987,1987,2,111.8
3/1/1987,1987,3,112.2
4/1/1987,1987,4,112.7
5/1/1987,1987,5,113
6/1/1987,1987,6,113.5
7/1/1987,1987,7,113.8
8/1/1987,1987,8,114.3
9/1/1987,1987,9,114.7
10/1/1987,1987,10,115
11/1/1987,1987,11,115.4
12/1/1987,1987,12,115.6
1/1/1988,1988,1,116
2/1/1988,1988,2,116.2
3/1/1988,1988,3,116.5
4/1/1988,1988,4,117.2
5/1/1988,1988,5,117.5
6/1/1988,1988,6,118
7/1/1988,1988,7,118.5
8/1/1988,1988,8,119
9/1/1988,1988,9,119.5
10/1/1988,1988,10,119.9
11/1/1988,1988,11,120.3
12/1/1988,1988,12,120.7
1/1/1989,1989,1,121.2
2/1/1989,1989,2,121.6
3/1/1989,1989,3,122.2
4/1/1989,1989,4,123.1
5/1/1989,1989,5,123.7
6/1/1989,1989,6,124.1
7/1/1989,1989,7,124.5
8/1/1989,1989,8,124.5
9/1/1989,1989,9,124.8
10/1/1989,1989,10,125.4
11/1/1989,1989,11,125.9
12/1/1989,1989,12,126.3
1/1/1990,1990,1,127.5
2/1/1990,1990,2,128
3/1/1990,1990,3,128.60001
4/1/1990,1990,4,128.89999
5/1/1990,1990,5,129.10001
6/1/1990,1990,6,129.89999
7/1/1990,1990,7,130.5
8/1/1990,1990,8,131.60001
9/1/1990,1990,9,132.5
10/1/1990,1990,10,133.39999
11/1/1990,1990,11,133.7
12/1/1990,1990,12,134.2
1/1/1991,1991,1,134.7
2/1/1991,1991,2,134.8
3/1/1991,1991,3,134.8
4/1/1991,1991,4,135.10001
5/1/1991,1991,5,135.60001
6/1/1991,1991,6,136
7/1/1991,1991,7,136.2
8/1/1991,1991,8,136.60001
9/1/1991,1991,9,137
10/1/1991,1991,10,137.2
11/1/1991,1991,11,137.8
12/1/1991,1991,12,138.2
1/1/1992,1992,1,138.3
2/1/1992,1992,2,138.60001
3/1/1992,1992,3,139.10001
4/1/1992,1992,4,139.39999
5/1/1992,1992,5,139.7
6/1/1992,1992,6,140.10001
7/1/1992,1992,7,140.5
8/1/1992,1992,8,140.8
9/1/1992,1992,9,141.10001
10/1/1992,1992,10,141.7
11/1/1992,1992,11,142.10001
12/1/1992,1992,12,142.3
1/1/1993,1993,1,142.8
2/1/1993,1993,2,143.10001
3/1/1993,1993,3,143.3
4/1/1993,1993,4,143.8
5/1/1993,1993,5,144.2
6/1/1993,1993,6,144.3
7/1/1993,1993,7,144.5
8/1/1993,1993,8,144.8
9/1/1993,1993,9,145
10/1/1993,1993,10,145.60001
11/1/1993,1993,11,146
12/1/1993,1993,12,146.3
1/1/1994,1994,1,146.3
2/1/1994,1994,2,146.7
3/1/1994,1994,3,147.10001
4/1/1994,1994,4,147.2
5/1/1994,1994,5,147.5
6/1/1994,1994,6,147.89999
7/1/1994,1994,7,148.39999
8/1/1994,1994,8,149
9/1/1994,1994,9,149.3
10/1/1994,1994,10,149.39999
11/1/1994,1994,11,149.8
12/1/1994,1994,12,150.10001
1/1/1995,1995,1,150.5
2/1/1995,1995,2,150.89999
3/1/1995,1995,3,151.2
4/1/1995,1995,4,151.8
5/1/1995,1995,5,152.10001
6/1/1995,1995,6,152.39999
7/1/1995,1995,7,152.60001
8/1/1995,1995,8,152.89999
9/1/1995,1995,9,153.10001
10/1/1995,1995,10,153.5
11/1/1995,1995,11,153.7
12/1/1995,1995,12,153.89999
1/1/1996,1996,1,154.7
2/1/1996,1996,2,155
3/1/1996,1996,3,155.5
4/1/1996,1996,4,156.10001
5/1/1996,1996,5,156.39999
6/1/1996,1996,6,156.7
7/1/1996,1996,7,157
8/1/1996,1996,8,157.2
9/1/1996,1996,9,157.7
10/1/1996,1996,10,158.2
11/1/1996,1996,11,158.7
12/1/1996,1996,12,159.10001
1/1/1997,1997,1,159.39999
2/1/1997,1997,2,159.7
3/1/1997,1997,3,159.8
4/1/1997,1997,4,159.89999
5/1/1997,1997,5,159.89999
6/1/1997,1997,6,160.2
7/1/1997,1997,7,160.39999
8/1/1997,1997,8,160.8
9/1/1997,1997,9,161.2
10/1/1997,1997,10,161.5
11/1/1997,1997,11,161.7
12/1/1997,1997,12,161.8
1/1/1998,1998,1,162
2/1/1998,1998,2,162
3/1/1998,1998,3,162
4/1/1998,1998,4,162.2
5/1/1998,1998,5,162.60001
6/1/1998,1998,6,162.8
7/1/1998,1998,7,163.2
8/1/1998,1998,8,163.39999
9/1/1998,1998,9,163.5
10/1/1998,1998,10,163.89999
11/1/1998,1998,11,164.10001
12/1/1998,1998,12,164.39999
1/1/1999,1999,1,164.7
2/1/1999,1999,2,164.7
3/1/1999,1999,3,164.8
4/1/1999,1999,4,165.89999
5/1/1999,1999,5,166
6/1/1999,1999,6,166
7/1/1999,1999,7,166.7
8/1/1999,1999,8,167.10001
9/1/1999,1999,9,167.8
10/1/1999,1999,10,168.10001
11/1/1999,1999,11,168.39999
12/1/1999,1999,12,168.8
1/1/2000,2000,1,169.3
2/1/2000,2000,2,170
3/1/2000,2000,3,171
4/1/2000,2000,4,170.89999
5/1/2000,2000,5,171.2
6/1/2000,2000,6,172.2
7/1/2000,2000,7,172.7
8/1/2000,2000,8,172.7
9/1/2000,2000,9,173.60001
10/1/2000,2000,10,173.89999
11/1/2000,2000,11,174.2
12/1/2000,2000,12,174.60001
1/1/2001,2001,1,175.60001
2/1/2001,2001,2,176
3/1/2001,2001,3,176.10001
4/1/2001,2001,4,176.39999
5/1/2001,2001,5,177.3
6/1/2001,2001,6,177.7
7/1/2001,2001,7,177.39999
8/1/2001,2001,8,177.39999
9/1/2001,2001,9,178.10001
10/1/2001,2001,10,177.60001
11/1/2001,2001,11,177.5
12/1/2001,2001,12,177.39999
1/1/2002,2002,1,177.7
2/1/2002,2002,2,178
3/1/2002,2002,3,178.5
4/1/2002,2002,4,179.3
5/1/2002,2002,5,179.5
6/1/2002,2002,6,179.60001
7/1/2002,2002,7,180
8/1/2002,2002,8,180.5
9/1/2002,2002,9,180.8
10/1/2002,2002,10,181.2
11/1/2002,2002,11,181.5
12/1/2002,2002,12,181.8
1/1/2003,2003,1,182.60001
2/1/2003,2003,2,183.60001
3/1/2003,2003,3,183.89999
4/1/2003,2003,4,183.2
5/1/2003,2003,5,182.89999
6/1/2003,2003,6,183.10001
7/1/2003,2003,7,183.7
8/1/2003,2003,8,184.5
9/1/2003,2003,9,185.10001
10/1/2003,2003,10,184.89999
11/1/2003,2003,11,185
12/1/2003,2003,12,185.5
1/1/2004,2004,1,186.3
2/1/2004,2004,2,186.7
3/1/2004,2004,3,187.10001
4/1/2004,2004,4,187.39999
5/1/2004,2004,5,188.2
6/1/2004,2004,6,188.89999
7/1/2004,2004,7,189.10001
8/1/2004,2004,8,189.2
9/1/2004,2004,9,189.8
10/1/2004,2004,10,190.8
11/1/2004,2004,11,191.7
12/1/2004,2004,12,191.7
1/1/2005,2005,1,191.60001
2/1/2005,2005,2,192.39999
3/1/2005,2005,3,193.10001
4/1/2005,2005,4,193.7
5/1/2005,2005,5,193.60001
6/1/2005,2005,6,193.7
7/1/2005,2005,7,194.89999
8/1/2005,2005,8,196.10001
9/1/2005,2005,9,198.8
10/1/2005,2005,10,199.10001
11/1/2005,2005,11,198.10001
12/1/2005,2005,12,198.10001
1/1/2006,2006,1,199.3
2/1/2006,2006,2,199.39999
3/1/2006,2006,3,199.7
4/1/2006,2006,4,200.7
5/1/2006,2006,5,201.3
6/1/2006,2006,6,201.8
7/1/2006,2006,7,202.89999
8/1/2006,2006,8,203.8
9/1/2006,2006,9,202.8
10/1/2006,2006,10,201.89999
11/1/2006,2006,11,202
12/1/2006,2006,12,203.10001
1/1/2007,2007,1,203.437
2/1/2007,2007,2,204.226
3/1/2007,2007,3,205.28799
4/1/2007,2007,4,205.90401
5/1/2007,2007,5,206.755
6/1/2007,2007,6,207.23399
7/1/2007,2007,7,207.603
8/1/2007,2007,8,207.66701
9/1/2007,2007,9,208.547
10/1/2007,2007,10,209.19
11/1/2007,2007,11,210.834
12/1/2007,2007,12,211.44501
1/1/2008,2008,1,212.174
2/1/2008,2008,2,212.687
3/1/2008,2008,3,213.448
4/1/2008,2008,4,213.942
5/1/2008,2008,5,215.20799
6/1/2008,2008,6,217.463
7/1/2008,2008,7,219.01601
8/1/2008,2008,8,218.69
9/1/2008,2008,9,218.877
10/1/2008,2008,10,216.995
11/1/2008,2008,11,213.153
12/1/2008,2008,12,211.39799
1/1/2009,2009,1,211.933
2/1/2009,2009,2,212.705
3/1/2009,2009,3,212.495
4/1/2009,2009,4,212.709
5/1/2009,2009,5,213.022
6/1/2009,2009,6,214.78999
7/1/2009,2009,7,214.726
8/1/2009,2009,8,215.44501
9/1/2009,2009,9,215.86099
10/1/2009,2009,10,216.509
11/1/2009,2009,11,217.23399
12/1/2009,2009,12,217.347
1/1/2010,2010,1,217.48801
2/1/2010,2010,2,217.28101
3/1/2010,2010,3,217.353
4/1/2010,2010,4,217.403
5/1/2010,2010,5,217.28999
6/1/2010,2010,6,217.19901
7/1/2010,2010,7,217.605
8/1/2010,2010,8,217.923
9/1/2010,2010,9,218.27499
10/1/2010,2010,10,219.035
11/1/2010,2010,11,219.59
12/1/2010,2010,12,220.472
1/1/2011,2011,1,221.187
2/1/2011,2011,2,221.89799
3/1/2011,2011,3,223.04601
4/1/2011,2011,4,224.093
5/1/2011,2011,5,224.806
6/1/2011,2011,6,224.806
7/1/2011,2011,7,225.395
8/1/2011,2011,8,226.106
9/1/2011,2011,9,226.597
10/1/2011,2011,10,226.75
11/1/2011,2011,11,227.16901
12/1/2011,2011,12,227.22301
1/1/2012,2012,1,227.842
2/1/2012,2012,2,228.32899
3/1/2012,2012,3,228.80701
4/1/2012,2012,4,229.187
5/1/2012,2012,5,228.713
6/1/2012,2012,6,228.524
7/1/2012,2012,7,228.59
8/1/2012,2012,8,229.918
9/1/2012,2012,9,231.015
10/1/2012,2012,10,231.638
11/1/2012,2012,11,231.24899
12/1/2012,2012,12,231.22099
1/1/2013,2013,1,231.679
2/1/2013,2013,2,232.937
3/1/2013,2013,3,232.282
4/1/2013,2013,4,231.797
5/1/2013,2013,5,231.89301
6/1/2013,2013,6,232.44501
7/1/2013,2013,7,232.89999
8/1/2013,2013,8,233.45599
9/1/2013,2013,9,233.54401
10/1/2013,2013,10,233.66901
11/1/2013,2013,11,234.10001
12/1/2013,2013,12,234.71899
1/1/2014,2014,1,235.28799
2/1/2014,2014,2,235.547
3/1/2014,2014,3,236.028
4/1/2014,2014,4,236.468
5/1/2014,2014,5,236.918
6/1/2014,2014,6,237.231
7/1/2014,2014,7,237.498
8/1/2014,2014,8,237.46001
9/1/2014,2014,9,237.47701
10/1/2014,2014,10,237.42999
11/1/2014,2014,11,236.983
12/1/2014,2014,12,236.252
1/1/2015,2015,1,234.74699
2/1/2015,2015,2,235.342
3/1/2015,2015,3,235.976
4/1/2015,2015,4,236.222
5/1/2015,2015,5,237.00101
6/1/2015,2015,6,237.657
7/1/2015,2015,7,238.034
8/1/2015,2015,8,238.033
9/1/2015,2015,9,237.498
10/1/2015,2015,10,237.733
11/1/2015,2015,11,238.017
12/1/2015,2015,12,237.761
1/1/2016,2016,1,237.65199
2/1/2016,2016,2,237.336
3/1/2016,2016,3,238.08
4/1/2016,2016,4,238.992
5/1/2016,2016,5,239.55701
6/1/2016,2016,6,240.222
7/1/2016,2016,7,240.101
8/1/2016,2016,8,240.545
9/1/2016,2016,9,241.17599
10/1/2016,2016,10,241.741
11/1/2016,2016,11,242.026
12/1/2016,2016,12,242.63699
1/1/2017,2017,1,243.618
2/1/2017,2017,2,244.006
3/1/2017,2017,3,243.892
4/1/2017,2017,4,244.19299
5/1/2017,2017,5,244.004
6/1/2017,2017,6,244.16299
7/1/2017,2017,7,244.243
8/1/2017,2017,8,245.183
9/1/2017,2017,9,246.435
10/1/2017,2017,10,246.62601
11/1/2017,2017,11,247.284
12/1/2017,2017,12,247.80499
1/1/2018,2018,1,248.85899
2/1/2018,2018,2,249.52901
3/1/2018,2018,3,249.577
4/1/2018,2018,4,250.22701
5/1/2018,2018,5,250.79201
6/1/2018,2018,6,251.01801
7/1/2018,2018,7,251.214
8/1/2018,2018,8,251.66299
9/1/2018,2018,9,252.18201
10/1/2018,2018,10,252.772
11/1/2018,2018,11,252.59399
12/1/2018,2018,12,252.767
1/1/2019,2019,1,252.561
2/1/2019,2019,2,253.319
3/1/2019,2019,3,254.27699
4/1/2019,2019,4,255.233
5/1/2019,2019,5,255.29601
6/1/2019,2019,6,255.213
7/1/2019,2019,7,255.802
8/1/2019,2019,8,256.03601
9/1/2019,2019,9,256.42999
10/1/2019,2019,10,257.155
11/1/2019,2019,11,257.879
12/1/2019,2019,12,258.63
1/1/2020,2020,1,258.90601
2/1/2020,2020,2,259.246
3/1/2020,2020,3,258.14999
4/1/2020,2020,4,256.12601
5/1/2020,2020,5,255.84801
6/1/2020,2020,6,257.004
7/1/2020,2020,7,258.40799
8/1/2020,2020,8,259.366
9/1/2020,2020,9,259.95099
10/1/2020,2020,10,260.24899
11/1/2020,2020,11,260.89499
12/1/2020,2020,12,262.005
1/1/2021,2021,1,262.51801
2/1/2021,2021,2,263.58301
3/1/2021,2021,3,264.91
4/1/2021,2021,4,266.75201
5/1/2021,2021,5,268.452
6/1/2021,2021,6,270.664
7/1/2021,2021,7,271.99399
8/1/2021,2021,8,272.789
9/1/2021,2021,9,273.88699
10/1/2021,2021,10,276.43399
11/1/2021,2021,11,278.79901
12/1/2021,2021,12,280.80801
1/1/2022,2022,1,282.39001
2/1/2022,2022,2,284.535
3/1/2022,2022,3,287.55301
4/1/2022,2022,4,288.76401
5/1/2022,2022,5,291.35901
6/1/2022,2022,6,294.996
7/1/2022,2022,7,294.97699
8/1/2022,2022,8,295.20901
9/1/2022,2022,9,296.341
10/1/2022,2022,10,297.86301
11/1/2022,2022,11,298.64801
12/1/2022,2022,12,298.81201
1/1/2023,2023,1,300.35599
2/1/2023,2023,2,301.509
3/1/2023,2023,3,301.74399
4/1/2023,2023,4,303.03201
5/1/2023,2023,5,303.36499
6/1/2023,2023,6,304.00299
7/1/2023,2023,7,304.62799
8/1/2023,2023,8,306.18701
9/1/2023,2023,9,307.28799
10/1/2023,2023,10,307.53101
11/1/2023,2023,11,308.02399
12/1/2023,2023,12,308.742
1/1/2024,2024,1,309.685
